entitlement_id,entity_id,resource_id,permission_level,last_used_days,entitlement_age_days,granted_by,approval_record,resource_sensitivity
entl_js006_1,ent_js006,res_fin,write,0,891,ent_hr001,approved,critical
entl_js006_2,ent_js006,res_pay,read,0,891,ent_hr001,approved,critical
entl_js006_3,ent_js006,res_hr,read,5,400,ent_hr001,approved,high
entl_js006_4,ent_js006,res_proddb,read,14,300,ent_hr001,approved,critical
entl_rw003_1,ent_rw003,res_fin,write,1,427,ent_it001,auto_provisioned,critical
entl_rw003_2,ent_rw003,res_pay,write,1,427,ent_it001,auto_provisioned,critical
entl_rw003_3,ent_rw003,res_hr,read,10,427,ent_it001,approved,high
entl_kl004_1,ent_kl004,res_fin,write,0,427,ent_it001,auto_provisioned,critical
entl_kl004_2,ent_kl004,res_pay,write,0,427,ent_it001,auto_provisioned,critical
entl_kl004_3,ent_kl004,res_hr,read,7,427,ent_it001,approved,high
entl_tm005_1,ent_tm005,res_fin,admin,0,427,ent_it001,auto_provisioned,critical
entl_tm005_2,ent_tm005,res_pay,admin,0,427,ent_it001,auto_provisioned,critical
entl_tm005_3,ent_tm005,res_pay,write,2,427,ent_it001,auto_provisioned,critical
entl_tm005_4,ent_tm005,res_hr,read,5,500,ent_it001,approved,high
entl_ar007_1,ent_ar007,res_proddb,read,34,547,ent_eng001,approved,critical
entl_ar007_2,ent_ar007,res_gh,write,12,547,ent_eng001,approved,high
entl_ar007_3,ent_ar007,res_hr,read,280,547,ent_hr001,approved,high
entl_ar007_4,ent_ar007,res_fin,read,47,400,ent_hr001,approved,critical
entl_agt_fin01_1,agt_copilot_fin_01,res_fin,admin,3,61,ent_cfo001,approved,critical
entl_agt_fin01_2,agt_copilot_fin_01,res_pay,admin,8,61,ent_cfo001,approved,critical
entl_agt_fin01_3,agt_copilot_fin_01,res_proddb,owner,61,61,ent_cfo001,approved,critical
entl_agt_fin01_4,agt_copilot_fin_01,res_gh,read,61,61,ent_cfo001,approved,high
entl_agt_fin01_5,agt_copilot_fin_01,res_admin,write,31,61,ent_cfo001,approved,critical
entl_agt_fin01_graph_1,agt_copilot_fin_01,res_admin,read,61,61,ent_cfo001,approved,critical
entl_agt_fin01_graph_2,agt_copilot_fin_01,res_admin,read,61,61,ent_cfo001,approved,critical
entl_agt_fin01_graph_3,agt_copilot_fin_01,res_admin,read,61,61,ent_cfo001,approved,critical
entl_agt_fin01_graph_4,agt_copilot_fin_01,res_admin,read,61,61,ent_cfo001,approved,critical
entl_agt_fin01_graph_5,agt_copilot_fin_01,res_admin,read,61,61,ent_cfo001,approved,critical
entl_agt_fin01_graph_6,agt_copilot_fin_01,res_admin,read,61,61,ent_cfo001,approved,critical
entl_agt_fin01_graph_7,agt_copilot_fin_01,res_admin,read,61,61,ent_cfo001,approved,critical
entl_agt_fin01_graph_8,agt_copilot_fin_01,res_admin,read,61,61,ent_cfo001,approved,critical
entl_agt_fin01_graph_9,agt_copilot_fin_01,res_admin,read,61,61,ent_cfo001,approved,critical
entl_agt_fin01_graph_10,agt_copilot_fin_01,res_admin,read,61,61,ent_cfo001,approved,critical
entl_agt_fin01_graph_11,agt_copilot_fin_01,res_admin,read,20,61,ent_cfo001,approved,critical
entl_agt_fin01_graph_12,agt_copilot_fin_01,res_admin,read,7,61,ent_cfo001,approved,critical
entl_agt_fin01_graph_13,agt_copilot_fin_01,res_admin,read,7,61,ent_cfo001,approved,critical
entl_agt_fin01_graph_14,agt_copilot_fin_01,res_admin,read,7,61,ent_cfo001,approved,critical
entl_agt_rpa07_1,agt_rpa_ops_07,res_admin,global_admin,0,203,ent_it_mgr_02,auto_provisioned,critical
entl_agt_rpa07_2,agt_rpa_ops_07,res_hr,admin,0,203,ent_it_mgr_02,auto_provisioned,high
entl_agt_rpa07_3,agt_rpa_ops_07,res_fin,read,5,203,ent_it_mgr_02,auto_provisioned,critical
entl_agt_rpa07_4,agt_rpa_ops_07,res_admin,write,0,203,ent_it_mgr_02,auto_provisioned,critical
entl_agt_unk003_1,agt_unknown_003,res_proddb,read,0,34,,unknown,critical
entl_agt_unk003_2,agt_unknown_003,res_fin,read,0,34,,unknown,critical
entl_agt_unk003_3,agt_unknown_003,res_gh,read,0,34,,unknown,high
entl_ent_bg_000_1,ent_bg_000,res_pay,read,35,598,ent_hr001,approved,critical
entl_ent_bg_000_2,ent_bg_000,res_proddb,read,36,382,ent_eng001,approved,critical
entl_ent_bg_000_3,ent_bg_000,res_gh,read,54,705,ent_it001,approved,high
entl_ent_bg_000_4,ent_bg_000,res_admin,read,28,746,ent_it001,approved,critical
entl_ent_bg_000_5,ent_bg_000,res_fin,read,32,440,ent_hr001,approved,critical
entl_ent_bg_000_6,ent_bg_000,res_hr,read,10,428,ent_eng001,approved,high
entl_ent_bg_001_1,ent_bg_001,res_pay,read,51,786,ent_it001,approved,critical
entl_ent_bg_001_2,ent_bg_001,res_gh,read,11,461,ent_hr001,approved,high
entl_ent_bg_001_3,ent_bg_001,res_pay,read,50,528,ent_hr001,approved,critical
entl_ent_bg_001_4,ent_bg_001,res_proddb,read,25,131,ent_eng001,approved,critical
entl_ent_bg_001_5,ent_bg_001,res_pay,read,13,290,ent_hr001,approved,critical
entl_ent_bg_001_6,ent_bg_001,res_admin,read,28,792,ent_hr001,approved,critical
entl_ent_bg_002_1,ent_bg_002,res_admin,read,8,529,ent_it001,approved,critical
entl_ent_bg_002_2,ent_bg_002,res_proddb,read,51,479,ent_eng001,approved,critical
entl_ent_bg_002_3,ent_bg_002,res_pay,read,44,416,ent_hr001,approved,critical
entl_ent_bg_002_4,ent_bg_002,res_admin,read,16,70,ent_hr001,approved,critical
entl_ent_bg_003_1,ent_bg_003,res_fin,read,42,307,ent_eng001,approved,critical
entl_ent_bg_003_2,ent_bg_003,res_admin,read,55,140,ent_it001,approved,critical
entl_ent_bg_003_3,ent_bg_003,res_proddb,read,14,419,ent_eng001,approved,critical
entl_ent_bg_004_1,ent_bg_004,res_admin,read,18,671,ent_it001,approved,critical
entl_ent_bg_004_2,ent_bg_004,res_fin,read,12,33,ent_eng001,approved,critical
entl_ent_bg_004_3,ent_bg_004,res_proddb,read,29,539,ent_hr001,approved,critical
entl_ent_bg_004_4,ent_bg_004,res_hr,read,38,535,ent_it001,approved,high
entl_ent_bg_004_5,ent_bg_004,res_pay,read,29,449,ent_hr001,approved,critical
entl_ent_bg_005_1,ent_bg_005,res_proddb,read,12,323,ent_hr001,approved,critical
entl_ent_bg_005_2,ent_bg_005,res_hr,read,49,481,ent_eng001,approved,high
entl_ent_bg_005_3,ent_bg_005,res_fin,read,9,191,ent_hr001,approved,critical
entl_ent_bg_005_4,ent_bg_005,res_fin,read,39,603,ent_eng001,approved,critical
entl_ent_bg_006_1,ent_bg_006,res_admin,read,9,777,ent_eng001,approved,critical
entl_ent_bg_006_2,ent_bg_006,res_hr,read,29,559,ent_it001,approved,high
entl_ent_bg_006_3,ent_bg_006,res_hr,read,15,513,ent_eng001,approved,high
entl_ent_bg_006_4,ent_bg_006,res_admin,read,43,678,ent_eng001,approved,critical
entl_ent_bg_006_5,ent_bg_006,res_hr,read,39,84,ent_hr001,approved,high
entl_ent_bg_006_6,ent_bg_006,res_hr,read,30,494,ent_eng001,approved,high
entl_ent_bg_007_1,ent_bg_007,res_hr,read,21,94,ent_it001,approved,high
entl_ent_bg_007_2,ent_bg_007,res_proddb,read,48,455,ent_it001,approved,critical
entl_ent_bg_007_3,ent_bg_007,res_admin,read,35,198,ent_hr001,approved,critical
entl_ent_bg_008_1,ent_bg_008,res_gh,read,51,719,ent_eng001,approved,high
entl_ent_bg_008_2,ent_bg_008,res_fin,read,57,498,ent_it001,approved,critical
entl_ent_bg_008_3,ent_bg_008,res_fin,read,57,213,ent_hr001,approved,critical
entl_ent_bg_008_4,ent_bg_008,res_fin,read,10,312,ent_it001,approved,critical
entl_ent_bg_008_5,ent_bg_008,res_admin,read,31,184,ent_it001,approved,critical
entl_ent_bg_009_1,ent_bg_009,res_hr,read,37,234,ent_it001,approved,high
entl_ent_bg_009_2,ent_bg_009,res_admin,read,1,122,ent_it001,approved,critical
entl_ent_bg_009_3,ent_bg_009,res_admin,read,60,623,ent_hr001,approved,critical
entl_ent_bg_010_1,ent_bg_010,res_hr,read,23,503,ent_it001,approved,high
entl_ent_bg_010_2,ent_bg_010,res_pay,read,47,731,ent_hr001,approved,critical
entl_ent_bg_010_3,ent_bg_010,res_gh,read,20,95,ent_eng001,approved,high
entl_ent_bg_011_1,ent_bg_011,res_admin,read,43,247,ent_eng001,approved,critical
entl_ent_bg_011_2,ent_bg_011,res_gh,read,47,641,ent_hr001,approved,high
entl_ent_bg_011_3,ent_bg_011,res_fin,read,35,90,ent_it001,approved,critical
entl_ent_bg_011_4,ent_bg_011,res_proddb,read,30,392,ent_eng001,approved,critical
entl_ent_bg_011_5,ent_bg_011,res_admin,read,0,289,ent_eng001,approved,critical
entl_ent_bg_012_1,ent_bg_012,res_pay,read,38,533,ent_it001,approved,critical
entl_ent_bg_012_2,ent_bg_012,res_gh,read,19,270,ent_it001,approved,high
entl_ent_bg_012_3,ent_bg_012,res_hr,read,1,397,ent_hr001,approved,high
entl_ent_bg_012_4,ent_bg_012,res_proddb,read,11,545,ent_it001,approved,critical
entl_ent_bg_013_1,ent_bg_013,res_pay,read,31,758,ent_hr001,approved,critical
entl_ent_bg_013_2,ent_bg_013,res_pay,read,44,247,ent_hr001,approved,critical
entl_ent_bg_013_3,ent_bg_013,res_gh,read,47,190,ent_eng001,approved,high
entl_ent_bg_013_4,ent_bg_013,res_proddb,read,38,448,ent_it001,approved,critical
entl_ent_bg_014_1,ent_bg_014,res_admin,read,26,599,ent_eng001,approved,critical
entl_ent_bg_014_2,ent_bg_014,res_admin,read,48,432,ent_eng001,approved,critical
entl_ent_bg_014_3,ent_bg_014,res_fin,read,34,61,ent_eng001,approved,critical
entl_ent_bg_015_1,ent_bg_015,res_proddb,read,3,674,ent_hr001,approved,critical
entl_ent_bg_015_2,ent_bg_015,res_pay,read,13,774,ent_it001,approved,critical
entl_ent_bg_015_3,ent_bg_015,res_gh,read,10,550,ent_hr001,approved,high
entl_ent_bg_015_4,ent_bg_015,res_admin,read,31,561,ent_hr001,approved,critical
entl_ent_bg_016_1,ent_bg_016,res_admin,read,58,535,ent_hr001,approved,critical
entl_ent_bg_016_2,ent_bg_016,res_hr,read,23,108,ent_it001,approved,high
entl_ent_bg_016_3,ent_bg_016,res_hr,read,26,491,ent_it001,approved,high
entl_ent_bg_017_1,ent_bg_017,res_pay,read,58,224,ent_it001,approved,critical
entl_ent_bg_017_2,ent_bg_017,res_fin,read,31,444,ent_hr001,approved,critical
entl_ent_bg_017_3,ent_bg_017,res_gh,read,24,531,ent_hr001,approved,high
entl_ent_bg_017_4,ent_bg_017,res_admin,read,26,69,ent_it001,approved,critical
entl_ent_bg_017_5,ent_bg_017,res_gh,read,12,476,ent_hr001,approved,high
entl_ent_bg_017_6,ent_bg_017,res_admin,read,32,756,ent_hr001,approved,critical
entl_ent_bg_018_1,ent_bg_018,res_fin,write,37,474,ent_it001,approved,critical
entl_ent_bg_018_2,ent_bg_018,res_admin,write,15,64,ent_it001,approved,critical
entl_ent_bg_018_3,ent_bg_018,res_pay,write,31,339,ent_eng001,approved,critical
entl_ent_bg_019_1,ent_bg_019,res_fin,write,15,662,ent_it001,approved,critical
entl_ent_bg_019_2,ent_bg_019,res_admin,read,15,317,ent_it001,approved,critical
entl_ent_bg_019_3,ent_bg_019,res_proddb,read,42,469,ent_it001,approved,critical
entl_ent_bg_019_4,ent_bg_019,res_gh,read,44,777,ent_eng001,approved,high
entl_ent_bg_019_5,ent_bg_019,res_hr,read,12,635,ent_eng001,approved,high
entl_ent_bg_019_6,ent_bg_019,res_admin,read,14,153,ent_it001,approved,critical
entl_ent_bg_020_1,ent_bg_020,res_proddb,write,31,464,ent_hr001,approved,critical
entl_ent_bg_020_2,ent_bg_020,res_admin,write,38,681,ent_hr001,approved,critical
entl_ent_bg_020_3,ent_bg_020,res_pay,read,24,458,ent_eng001,approved,critical
entl_ent_bg_020_4,ent_bg_020,res_gh,write,34,579,ent_it001,approved,high
entl_ent_bg_020_5,ent_bg_020,res_gh,read,37,762,ent_hr001,approved,high
entl_ent_bg_020_6,ent_bg_020,res_hr,read,44,119,ent_it001,approved,high
entl_ent_bg_021_1,ent_bg_021,res_gh,read,35,641,ent_it001,approved,high
entl_ent_bg_021_2,ent_bg_021,res_fin,read,20,710,ent_eng001,approved,critical
entl_ent_bg_021_3,ent_bg_021,res_admin,write,0,184,ent_hr001,approved,critical
entl_ent_bg_021_4,ent_bg_021,res_pay,write,55,354,ent_it001,approved,critical
entl_ent_bg_021_5,ent_bg_021,res_admin,write,16,563,ent_eng001,approved,critical
entl_ent_bg_021_6,ent_bg_021,res_fin,write,60,158,ent_eng001,approved,critical
entl_ent_bg_021_7,ent_bg_021,res_gh,read,2,253,ent_eng001,approved,high
entl_ent_bg_022_1,ent_bg_022,res_proddb,read,49,351,ent_it001,approved,critical
entl_ent_bg_022_2,ent_bg_022,res_fin,write,44,41,ent_eng001,approved,critical
entl_ent_bg_022_3,ent_bg_022,res_proddb,read,29,611,ent_hr001,approved,critical
entl_ent_bg_022_4,ent_bg_022,res_pay,read,24,320,ent_eng001,approved,critical
entl_ent_bg_022_5,ent_bg_022,res_pay,read,6,604,ent_hr001,approved,critical
entl_ent_bg_023_1,ent_bg_023,res_gh,write,32,731,ent_eng001,approved,high
entl_ent_bg_023_2,ent_bg_023,res_proddb,write,22,467,ent_hr001,approved,critical
entl_ent_bg_023_3,ent_bg_023,res_gh,write,29,58,ent_eng001,approved,high
entl_ent_bg_023_4,ent_bg_023,res_fin,write,5,173,ent_eng001,approved,critical
entl_ent_bg_023_5,ent_bg_023,res_proddb,read,37,554,ent_hr001,approved,critical
entl_ent_bg_023_6,ent_bg_023,res_pay,write,3,432,ent_it001,approved,critical
entl_ent_bg_023_7,ent_bg_023,res_gh,read,29,560,ent_hr001,approved,high
entl_ent_bg_024_1,ent_bg_024,res_hr,write,25,663,ent_it001,approved,high
entl_ent_bg_024_2,ent_bg_024,res_hr,read,37,512,ent_hr001,approved,high
entl_ent_bg_024_3,ent_bg_024,res_admin,read,2,376,ent_hr001,approved,critical
entl_ent_bg_024_4,ent_bg_024,res_proddb,read,21,90,ent_it001,approved,critical
entl_ent_bg_024_5,ent_bg_024,res_pay,write,59,709,ent_it001,approved,critical
entl_ent_bg_024_6,ent_bg_024,res_pay,write,4,607,ent_eng001,approved,critical
entl_ent_bg_024_7,ent_bg_024,res_admin,read,22,102,ent_hr001,approved,critical
entl_ent_bg_025_1,ent_bg_025,res_hr,read,46,76,ent_it001,approved,high
entl_ent_bg_025_2,ent_bg_025,res_admin,write,60,489,ent_hr001,approved,critical
entl_ent_bg_025_3,ent_bg_025,res_admin,write,47,476,ent_hr001,approved,critical
entl_ent_bg_025_4,ent_bg_025,res_gh,read,46,217,ent_eng001,approved,high
entl_ent_bg_025_5,ent_bg_025,res_hr,read,9,37,ent_eng001,approved,high
entl_ent_bg_026_1,ent_bg_026,res_proddb,read,27,331,ent_eng001,approved,critical
entl_ent_bg_026_2,ent_bg_026,res_admin,write,33,360,ent_eng001,approved,critical
entl_ent_bg_026_3,ent_bg_026,res_proddb,read,9,327,ent_eng001,approved,critical
entl_ent_bg_027_1,ent_bg_027,res_admin,read,48,128,ent_hr001,approved,critical
entl_ent_bg_027_2,ent_bg_027,res_pay,write,48,166,ent_hr001,approved,critical
entl_ent_bg_027_3,ent_bg_027,res_proddb,write,52,720,ent_eng001,approved,critical
entl_ent_bg_027_4,ent_bg_027,res_gh,write,34,103,ent_hr001,approved,high
entl_ent_bg_027_5,ent_bg_027,res_gh,read,14,653,ent_it001,approved,high
entl_ent_bg_027_6,ent_bg_027,res_pay,write,23,378,ent_eng001,approved,critical
entl_ent_bg_028_1,ent_bg_028,res_hr,read,24,651,ent_it001,approved,high
entl_ent_bg_028_2,ent_bg_028,res_fin,write,13,246,ent_it001,approved,critical
entl_ent_bg_028_3,ent_bg_028,res_hr,write,11,192,ent_eng001,approved,high
entl_ent_bg_028_4,ent_bg_028,res_gh,write,22,799,ent_it001,approved,high
entl_ent_bg_028_5,ent_bg_028,res_gh,write,20,401,ent_eng001,approved,high
entl_ent_bg_028_6,ent_bg_028,res_fin,write,32,578,ent_eng001,approved,critical
entl_ent_bg_029_1,ent_bg_029,res_proddb,write,49,573,ent_hr001,approved,critical
entl_ent_bg_029_2,ent_bg_029,res_fin,write,59,654,ent_it001,approved,critical
entl_ent_bg_029_3,ent_bg_029,res_hr,read,20,190,ent_it001,approved,high
entl_ent_bg_029_4,ent_bg_029,res_gh,read,54,191,ent_eng001,approved,high
entl_ent_bg_029_5,ent_bg_029,res_admin,read,20,558,ent_hr001,approved,critical
entl_ent_bg_029_6,ent_bg_029,res_admin,write,49,773,ent_hr001,approved,critical
entl_ent_bg_029_7,ent_bg_029,res_pay,write,30,340,ent_hr001,approved,critical
entl_ent_bg_030_1,ent_bg_030,res_fin,read,38,244,ent_eng001,approved,critical
entl_ent_bg_030_2,ent_bg_030,res_admin,write,23,662,ent_hr001,approved,critical
entl_ent_bg_030_3,ent_bg_030,res_pay,write,11,208,ent_eng001,approved,critical
entl_ent_bg_030_4,ent_bg_030,res_pay,read,23,142,ent_it001,approved,critical
entl_ent_bg_030_5,ent_bg_030,res_fin,write,13,343,ent_hr001,approved,critical
entl_ent_bg_030_6,ent_bg_030,res_admin,write,58,301,ent_eng001,approved,critical
entl_ent_bg_031_1,ent_bg_031,res_admin,write,42,56,ent_it001,approved,critical
entl_ent_bg_031_2,ent_bg_031,res_hr,read,1,675,ent_hr001,approved,high
entl_ent_bg_031_3,ent_bg_031,res_fin,write,58,452,ent_it001,approved,critical
entl_ent_bg_031_4,ent_bg_031,res_admin,write,54,289,ent_hr001,approved,critical
entl_ent_bg_031_5,ent_bg_031,res_admin,write,22,284,ent_hr001,approved,critical
entl_ent_bg_031_6,ent_bg_031,res_gh,read,20,499,ent_eng001,approved,high
entl_ent_bg_032_1,ent_bg_032,res_admin,write,11,429,ent_it001,approved,critical
entl_ent_bg_032_2,ent_bg_032,res_proddb,write,2,189,ent_it001,approved,critical
entl_ent_bg_032_3,ent_bg_032,res_hr,read,39,714,ent_hr001,approved,high
entl_ent_bg_032_4,ent_bg_032,res_gh,write,13,699,ent_eng001,approved,high
entl_ent_bg_033_1,ent_bg_033,res_proddb,write,5,408,ent_it001,approved,critical
entl_ent_bg_033_2,ent_bg_033,res_pay,read,39,337,ent_eng001,approved,critical
entl_ent_bg_033_3,ent_bg_033,res_gh,read,7,714,ent_it001,approved,high
entl_ent_bg_033_4,ent_bg_033,res_admin,write,18,758,ent_it001,approved,critical
entl_ent_bg_033_5,ent_bg_033,res_proddb,write,1,666,ent_eng001,approved,critical
entl_ent_bg_033_6,ent_bg_033,res_gh,read,23,288,ent_it001,approved,high
entl_ent_bg_033_7,ent_bg_033,res_hr,write,33,54,ent_hr001,approved,high
entl_ent_bg_034_1,ent_bg_034,res_hr,read,52,691,ent_it001,approved,high
entl_ent_bg_034_2,ent_bg_034,res_hr,read,18,781,ent_it001,approved,high
entl_ent_bg_034_3,ent_bg_034,res_admin,read,33,546,ent_hr001,approved,critical
entl_ent_bg_034_4,ent_bg_034,res_pay,write,27,747,ent_it001,approved,critical
entl_ent_bg_034_5,ent_bg_034,res_proddb,write,13,177,ent_hr001,approved,critical
entl_ent_bg_035_1,ent_bg_035,res_gh,write,1,68,ent_hr001,approved,high
entl_ent_bg_035_2,ent_bg_035,res_gh,write,26,209,ent_it001,approved,high
entl_ent_bg_035_3,ent_bg_035,res_hr,read,42,94,ent_hr001,approved,high
entl_ent_bg_036_1,ent_bg_036,res_pay,write,59,361,ent_it001,approved,critical
entl_ent_bg_036_2,ent_bg_036,res_hr,read,22,343,ent_it001,approved,high
entl_ent_bg_036_3,ent_bg_036,res_proddb,write,17,300,ent_eng001,approved,critical
entl_ent_bg_036_4,ent_bg_036,res_gh,read,49,657,ent_it001,approved,high
entl_ent_bg_036_5,ent_bg_036,res_admin,write,12,733,ent_eng001,approved,critical
entl_ent_bg_036_6,ent_bg_036,res_proddb,write,13,503,ent_eng001,approved,critical
entl_ent_bg_036_7,ent_bg_036,res_hr,read,7,771,ent_eng001,approved,high
entl_ent_bg_037_1,ent_bg_037,res_admin,read,41,339,ent_hr001,approved,critical
entl_ent_bg_037_2,ent_bg_037,res_pay,read,1,262,ent_hr001,approved,critical
entl_ent_bg_037_3,ent_bg_037,res_proddb,write,25,507,ent_eng001,approved,critical
entl_ent_bg_037_4,ent_bg_037,res_gh,write,56,239,ent_hr001,approved,high
entl_ent_bg_037_5,ent_bg_037,res_pay,write,3,281,ent_it001,approved,critical
entl_ent_bg_037_6,ent_bg_037,res_admin,read,18,413,ent_it001,approved,critical
entl_ent_bg_037_7,ent_bg_037,res_proddb,write,58,425,ent_eng001,approved,critical
entl_ent_bg_038_1,ent_bg_038,res_hr,read,27,778,ent_it001,approved,high
entl_ent_bg_038_2,ent_bg_038,res_gh,write,34,497,ent_it001,approved,high
entl_ent_bg_038_3,ent_bg_038,res_proddb,write,1,447,ent_eng001,approved,critical
entl_ent_bg_038_4,ent_bg_038,res_admin,read,30,457,ent_hr001,approved,critical
entl_ent_bg_038_5,ent_bg_038,res_hr,read,59,352,ent_eng001,approved,high
entl_ent_bg_038_6,ent_bg_038,res_pay,write,16,337,ent_eng001,approved,critical
entl_ent_bg_039_1,ent_bg_039,res_pay,read,5,372,ent_it001,approved,critical
entl_ent_bg_039_2,ent_bg_039,res_pay,read,40,47,ent_hr001,approved,critical
entl_ent_bg_039_3,ent_bg_039,res_pay,read,10,785,ent_eng001,approved,critical
entl_ent_bg_039_4,ent_bg_039,res_hr,read,26,35,ent_eng001,approved,high
entl_ent_bg_039_5,ent_bg_039,res_hr,write,36,777,ent_it001,approved,high
entl_ent_bg_040_1,ent_bg_040,res_hr,read,51,159,ent_it001,approved,high
entl_ent_bg_040_2,ent_bg_040,res_fin,read,15,581,ent_eng001,approved,critical
entl_ent_bg_040_3,ent_bg_040,res_fin,write,33,580,ent_it001,approved,critical
entl_ent_bg_040_4,ent_bg_040,res_proddb,write,21,592,ent_it001,approved,critical
entl_ent_bg_041_1,ent_bg_041,res_hr,write,48,365,ent_hr001,approved,high
entl_ent_bg_041_2,ent_bg_041,res_fin,write,32,446,ent_eng001,approved,critical
entl_ent_bg_041_3,ent_bg_041,res_admin,read,0,219,ent_it001,approved,critical
entl_ent_bg_042_1,ent_bg_042,res_proddb,read,57,562,ent_it001,approved,critical
entl_ent_bg_042_2,ent_bg_042,res_admin,read,53,321,ent_it001,approved,critical
entl_ent_bg_042_3,ent_bg_042,res_proddb,write,56,709,ent_it001,approved,critical
entl_ent_bg_042_4,ent_bg_042,res_pay,write,21,60,ent_eng001,approved,critical
entl_ent_bg_042_5,ent_bg_042,res_pay,write,37,397,ent_eng001,approved,critical
entl_ent_bg_042_6,ent_bg_042,res_admin,read,27,706,ent_hr001,approved,critical
entl_ent_bg_042_7,ent_bg_042,res_fin,write,36,417,ent_hr001,approved,critical
entl_ent_bg_043_1,ent_bg_043,res_gh,write,24,109,ent_eng001,approved,high
entl_ent_bg_043_2,ent_bg_043,res_fin,write,31,655,ent_eng001,approved,critical
entl_ent_bg_043_3,ent_bg_043,res_gh,write,34,183,ent_eng001,approved,high
entl_ent_bg_043_4,ent_bg_043,res_hr,write,32,539,ent_eng001,approved,high
entl_ent_bg_043_5,ent_bg_043,res_pay,read,20,558,ent_eng001,approved,critical
entl_ent_bg_043_6,ent_bg_043,res_pay,write,47,69,ent_eng001,approved,critical
entl_ent_bg_043_7,ent_bg_043,res_hr,write,43,566,ent_it001,approved,high
entl_ent_bg_044_1,ent_bg_044,res_hr,write,24,703,ent_eng001,approved,high
entl_ent_bg_044_2,ent_bg_044,res_pay,read,25,84,ent_eng001,approved,critical
entl_ent_bg_044_3,ent_bg_044,res_pay,write,7,690,ent_hr001,approved,critical
entl_ent_bg_045_1,ent_bg_045,res_proddb,read,13,57,ent_hr001,approved,critical
entl_ent_bg_045_2,ent_bg_045,res_fin,read,1,174,ent_hr001,approved,critical
entl_ent_bg_045_3,ent_bg_045,res_fin,write,7,400,ent_eng001,approved,critical
entl_ent_bg_045_4,ent_bg_045,res_pay,write,14,600,ent_hr001,approved,critical
entl_ent_bg_045_5,ent_bg_045,res_proddb,read,10,643,ent_eng001,approved,critical
entl_ent_bg_045_6,ent_bg_045,res_fin,write,46,768,ent_it001,approved,critical
entl_ent_bg_046_1,ent_bg_046,res_admin,write,37,716,ent_hr001,approved,critical
entl_ent_bg_046_2,ent_bg_046,res_admin,read,17,74,ent_eng001,approved,critical
entl_ent_bg_046_3,ent_bg_046,res_proddb,read,45,150,ent_hr001,approved,critical
entl_ent_bg_046_4,ent_bg_046,res_fin,write,7,393,ent_hr001,approved,critical
entl_ent_bg_046_5,ent_bg_046,res_fin,write,57,595,ent_eng001,approved,critical
entl_ent_bg_046_6,ent_bg_046,res_pay,read,31,320,ent_eng001,approved,critical
entl_ent_bg_047_1,ent_bg_047,res_hr,read,20,766,ent_eng001,approved,high
entl_ent_bg_047_2,ent_bg_047,res_hr,read,17,669,ent_it001,approved,high
entl_ent_bg_047_3,ent_bg_047,res_proddb,read,56,342,ent_it001,approved,critical
entl_ent_bg_047_4,ent_bg_047,res_fin,read,32,100,ent_eng001,approved,critical
entl_ent_bg_047_5,ent_bg_047,res_gh,write,30,547,ent_hr001,approved,high
entl_ent_bg_047_6,ent_bg_047,res_hr,read,53,465,ent_hr001,approved,high
entl_ent_bg_048_1,ent_bg_048,res_pay,read,6,584,ent_eng001,approved,critical
entl_ent_bg_048_2,ent_bg_048,res_admin,read,17,124,ent_eng001,approved,critical
entl_ent_bg_048_3,ent_bg_048,res_admin,write,60,171,ent_hr001,approved,critical
entl_ent_bg_048_4,ent_bg_048,res_proddb,read,10,174,ent_eng001,approved,critical
entl_ent_bg_048_5,ent_bg_048,res_gh,write,32,631,ent_it001,approved,high
entl_ent_bg_048_6,ent_bg_048,res_gh,read,51,754,ent_hr001,approved,high
entl_ent_bg_048_7,ent_bg_048,res_admin,write,17,165,ent_it001,approved,critical
entl_ent_bg_049_1,ent_bg_049,res_gh,write,48,190,ent_hr001,approved,high
entl_ent_bg_049_2,ent_bg_049,res_proddb,read,13,194,ent_eng001,approved,critical
entl_ent_bg_049_3,ent_bg_049,res_proddb,read,4,535,ent_it001,approved,critical
entl_ent_bg_049_4,ent_bg_049,res_gh,write,16,163,ent_hr001,approved,high
entl_ent_bg_049_5,ent_bg_049,res_pay,write,6,500,ent_eng001,approved,critical
entl_ent_bg_049_6,ent_bg_049,res_proddb,read,37,92,ent_eng001,approved,critical
entl_ent_bg_050_1,ent_bg_050,res_pay,read,36,554,ent_hr001,approved,critical
entl_ent_bg_050_2,ent_bg_050,res_proddb,write,3,340,ent_eng001,approved,critical
entl_ent_bg_050_3,ent_bg_050,res_proddb,write,19,701,ent_it001,approved,critical
entl_ent_bg_050_4,ent_bg_050,res_gh,write,25,231,ent_eng001,approved,high
entl_ent_bg_050_5,ent_bg_050,res_proddb,read,45,260,ent_eng001,approved,critical
entl_ent_bg_050_6,ent_bg_050,res_gh,write,0,339,ent_eng001,approved,high
entl_ent_bg_051_1,ent_bg_051,res_gh,read,24,217,ent_eng001,approved,high
entl_ent_bg_051_2,ent_bg_051,res_proddb,read,23,701,ent_it001,approved,critical
entl_ent_bg_051_3,ent_bg_051,res_gh,read,53,680,ent_eng001,approved,high
entl_ent_bg_051_4,ent_bg_051,res_gh,read,4,693,ent_it001,approved,high
entl_ent_bg_051_5,ent_bg_051,res_hr,read,17,436,ent_eng001,approved,high
entl_ent_bg_052_1,ent_bg_052,res_admin,read,12,235,ent_it001,approved,critical
entl_ent_bg_052_2,ent_bg_052,res_hr,read,39,269,ent_it001,approved,high
entl_ent_bg_052_3,ent_bg_052,res_pay,read,8,368,ent_hr001,approved,critical
entl_ent_bg_052_4,ent_bg_052,res_hr,read,13,239,ent_it001,approved,high
entl_ent_bg_052_5,ent_bg_052,res_pay,read,14,232,ent_hr001,approved,critical
entl_ent_bg_053_1,ent_bg_053,res_proddb,read,47,348,ent_eng001,approved,critical
entl_ent_bg_053_2,ent_bg_053,res_fin,read,46,162,ent_it001,approved,critical
entl_ent_bg_053_3,ent_bg_053,res_proddb,read,7,655,ent_it001,approved,critical
entl_ent_bg_053_4,ent_bg_053,res_admin,read,51,178,ent_it001,approved,critical
entl_ent_bg_053_5,ent_bg_053,res_fin,read,11,47,ent_hr001,approved,critical
entl_ent_bg_054_1,ent_bg_054,res_admin,read,34,423,ent_it001,approved,critical
entl_ent_bg_054_2,ent_bg_054,res_hr,read,36,126,ent_it001,approved,high
entl_ent_bg_054_3,ent_bg_054,res_proddb,read,13,345,ent_eng001,approved,critical
entl_ent_bg_054_4,ent_bg_054,res_hr,read,21,363,ent_it001,approved,high
entl_ent_bg_055_1,ent_bg_055,res_fin,read,37,337,ent_eng001,approved,critical
entl_ent_bg_055_2,ent_bg_055,res_hr,read,12,296,ent_hr001,approved,high
entl_ent_bg_055_3,ent_bg_055,res_hr,read,2,371,ent_it001,approved,high
entl_ent_bg_055_4,ent_bg_055,res_gh,read,14,229,ent_it001,approved,high
entl_ent_bg_055_5,ent_bg_055,res_hr,read,26,115,ent_it001,approved,high
entl_ent_bg_056_1,ent_bg_056,res_admin,read,12,159,ent_eng001,approved,critical
entl_ent_bg_056_2,ent_bg_056,res_gh,read,47,792,ent_it001,approved,high
entl_ent_bg_057_1,ent_bg_057,res_fin,read,17,231,ent_it001,approved,critical
entl_ent_bg_057_2,ent_bg_057,res_admin,read,51,596,ent_eng001,approved,critical
entl_ent_bg_057_3,ent_bg_057,res_fin,read,48,422,ent_hr001,approved,critical
entl_ent_bg_057_4,ent_bg_057,res_admin,read,12,342,ent_it001,approved,critical
entl_ent_bg_057_5,ent_bg_057,res_hr,read,32,535,ent_it001,approved,high
entl_ent_bg_058_1,ent_bg_058,res_gh,read,53,232,ent_hr001,approved,high
entl_ent_bg_058_2,ent_bg_058,res_pay,read,34,305,ent_eng001,approved,critical
entl_ent_bg_058_3,ent_bg_058,res_gh,read,28,70,ent_eng001,approved,high
entl_ent_bg_059_1,ent_bg_059,res_fin,read,8,605,ent_it001,approved,critical
entl_ent_bg_059_2,ent_bg_059,res_hr,read,29,118,ent_it001,approved,high
entl_ent_bg_060_1,ent_bg_060,res_pay,read,7,755,ent_hr001,approved,critical
entl_ent_bg_060_2,ent_bg_060,res_fin,read,39,791,ent_eng001,approved,critical
entl_ent_bg_060_3,ent_bg_060,res_gh,read,52,275,ent_hr001,approved,high
entl_ent_bg_061_1,ent_bg_061,res_fin,read,38,106,ent_it001,approved,critical
entl_ent_bg_061_2,ent_bg_061,res_proddb,read,2,180,ent_it001,approved,critical
entl_ent_bg_061_3,ent_bg_061,res_proddb,read,24,517,ent_eng001,approved,critical
entl_ent_bg_061_4,ent_bg_061,res_proddb,read,44,327,ent_hr001,approved,critical
entl_ent_bg_062_1,ent_bg_062,res_fin,read,53,409,ent_eng001,approved,critical
entl_ent_bg_062_2,ent_bg_062,res_gh,read,38,153,ent_hr001,approved,high
entl_ent_bg_063_1,ent_bg_063,res_hr,read,44,243,ent_eng001,approved,high
entl_ent_bg_063_2,ent_bg_063,res_pay,read,12,196,ent_hr001,approved,critical
entl_ent_bg_063_3,ent_bg_063,res_pay,read,58,197,ent_eng001,approved,critical
entl_ent_bg_063_4,ent_bg_063,res_gh,read,0,580,ent_it001,approved,high
entl_ent_bg_063_5,ent_bg_063,res_proddb,read,7,159,ent_hr001,approved,critical
entl_ent_bg_064_1,ent_bg_064,res_fin,read,26,438,ent_it001,approved,critical
entl_ent_bg_064_2,ent_bg_064,res_proddb,read,52,83,ent_eng001,approved,critical
entl_ent_bg_064_3,ent_bg_064,res_proddb,read,12,219,ent_it001,approved,critical
entl_ent_bg_064_4,ent_bg_064,res_gh,read,41,70,ent_it001,approved,high
entl_ent_bg_064_5,ent_bg_064,res_admin,read,39,106,ent_it001,approved,critical
entl_ent_bg_065_1,ent_bg_065,res_admin,read,47,126,ent_hr001,approved,critical
entl_ent_bg_065_2,ent_bg_065,res_pay,read,32,565,ent_hr001,approved,critical
entl_ent_bg_065_3,ent_bg_065,res_proddb,read,29,82,ent_hr001,approved,critical
entl_ent_bg_065_4,ent_bg_065,res_admin,read,5,585,ent_hr001,approved,critical
entl_ent_bg_065_5,ent_bg_065,res_admin,read,56,455,ent_hr001,approved,critical
entl_ent_bg_066_1,ent_bg_066,res_admin,read,53,336,ent_eng001,approved,critical
entl_ent_bg_066_2,ent_bg_066,res_proddb,read,42,49,ent_hr001,approved,critical
entl_ent_bg_066_3,ent_bg_066,res_pay,read,60,608,ent_it001,approved,critical
entl_ent_bg_067_1,ent_bg_067,res_fin,read,22,93,ent_it001,approved,critical
entl_ent_bg_067_2,ent_bg_067,res_gh,read,48,619,ent_eng001,approved,high
entl_ent_bg_068_1,ent_bg_068,res_hr,read,9,431,ent_hr001,approved,high
entl_ent_bg_068_2,ent_bg_068,res_pay,read,5,421,ent_hr001,approved,critical
entl_ent_bg_068_3,ent_bg_068,res_admin,read,45,644,ent_it001,approved,critical
entl_ent_bg_069_1,ent_bg_069,res_gh,read,23,75,ent_it001,approved,high
entl_ent_bg_069_2,ent_bg_069,res_admin,read,41,678,ent_hr001,approved,critical
entl_ent_bg_070_1,ent_bg_070,res_hr,read,20,770,ent_hr001,approved,high
entl_ent_bg_070_2,ent_bg_070,res_fin,read,48,688,ent_eng001,approved,critical
entl_ent_bg_070_3,ent_bg_070,res_admin,read,27,791,ent_hr001,approved,critical
entl_ent_bg_071_1,ent_bg_071,res_gh,read,26,171,ent_hr001,approved,high
entl_ent_bg_071_2,ent_bg_071,res_hr,read,53,470,ent_it001,approved,high
entl_ent_bg_072_1,ent_bg_072,res_hr,read,60,539,ent_hr001,approved,high
entl_ent_bg_072_2,ent_bg_072,res_pay,read,21,437,ent_eng001,approved,critical
entl_ent_bg_072_3,ent_bg_072,res_gh,read,4,555,ent_eng001,approved,high
entl_ent_bg_072_4,ent_bg_072,res_hr,read,58,161,ent_it001,approved,high
entl_ent_bg_073_1,ent_bg_073,res_gh,read,152,764,ent_eng001,approved,high
entl_ent_bg_073_2,ent_bg_073,res_proddb,write,9,696,ent_it001,approved,critical
entl_ent_bg_073_3,ent_bg_073,res_pay,read,160,573,ent_eng001,approved,critical
entl_ent_bg_073_4,ent_bg_073,res_pay,write,171,317,ent_eng001,approved,critical
entl_ent_bg_073_5,ent_bg_073,res_fin,write,12,349,ent_it001,approved,critical
entl_ent_bg_073_6,ent_bg_073,res_fin,read,180,607,ent_eng001,approved,critical
entl_ent_bg_073_7,ent_bg_073,res_gh,write,30,322,ent_eng001,approved,high
entl_ent_bg_073_8,ent_bg_073,res_gh,write,80,654,ent_hr001,approved,high
entl_ent_bg_073_9,ent_bg_073,res_fin,write,4,555,ent_hr001,approved,critical
entl_ent_bg_073_10,ent_bg_073,res_admin,write,81,733,ent_eng001,approved,critical
entl_ent_bg_073_11,ent_bg_073,res_admin,read,114,33,ent_eng001,approved,critical
entl_ent_bg_074_1,ent_bg_074,res_pay,write,84,180,ent_eng001,approved,critical
entl_ent_bg_074_2,ent_bg_074,res_hr,read,24,596,ent_eng001,approved,high
entl_ent_bg_074_3,ent_bg_074,res_pay,read,61,753,ent_eng001,approved,critical
entl_ent_bg_074_4,ent_bg_074,res_admin,write,116,341,ent_eng001,approved,critical
entl_ent_bg_074_5,ent_bg_074,res_gh,read,15,760,ent_hr001,approved,high
entl_ent_bg_074_6,ent_bg_074,res_fin,write,31,365,ent_hr001,approved,critical
entl_ent_bg_074_7,ent_bg_074,res_hr,write,55,561,ent_eng001,approved,high
entl_ent_bg_075_1,ent_bg_075,res_gh,write,28,500,ent_it001,approved,high
entl_ent_bg_075_2,ent_bg_075,res_hr,write,26,453,ent_hr001,approved,high
entl_ent_bg_075_3,ent_bg_075,res_fin,read,8,350,ent_eng001,approved,critical
entl_ent_bg_075_4,ent_bg_075,res_gh,read,17,208,ent_it001,approved,high
entl_ent_bg_075_5,ent_bg_075,res_pay,read,8,726,ent_eng001,approved,critical
entl_ent_bg_075_6,ent_bg_075,res_pay,write,72,632,ent_eng001,approved,critical
entl_ent_bg_075_7,ent_bg_075,res_fin,read,57,243,ent_eng001,approved,critical
entl_ent_bg_076_1,ent_bg_076,res_gh,write,12,304,ent_it001,approved,high
entl_ent_bg_076_2,ent_bg_076,res_admin,read,46,627,ent_hr001,approved,critical
entl_ent_bg_076_3,ent_bg_076,res_pay,write,107,494,ent_eng001,approved,critical
entl_ent_bg_076_4,ent_bg_076,res_admin,write,40,278,ent_hr001,approved,critical
entl_ent_bg_076_5,ent_bg_076,res_admin,write,11,666,ent_hr001,approved,critical
entl_ent_bg_076_6,ent_bg_076,res_pay,write,107,124,ent_hr001,approved,critical
entl_ent_bg_076_7,ent_bg_076,res_admin,read,24,443,ent_hr001,approved,critical
entl_ent_bg_076_8,ent_bg_076,res_proddb,read,159,529,ent_hr001,approved,critical
entl_ent_bg_076_9,ent_bg_076,res_pay,write,94,282,ent_eng001,approved,critical
entl_ent_bg_076_10,ent_bg_076,res_hr,read,110,456,ent_hr001,approved,high
entl_ent_bg_077_1,ent_bg_077,res_admin,read,37,728,ent_hr001,approved,critical
entl_ent_bg_077_2,ent_bg_077,res_fin,read,19,505,ent_eng001,approved,critical
entl_ent_bg_077_3,ent_bg_077,res_fin,read,84,563,ent_eng001,approved,critical
entl_ent_bg_077_4,ent_bg_077,res_admin,read,90,124,ent_it001,approved,critical
entl_ent_bg_077_5,ent_bg_077,res_pay,write,70,677,ent_hr001,approved,critical
entl_ent_bg_077_6,ent_bg_077,res_proddb,read,58,526,ent_eng001,approved,critical
entl_ent_bg_077_7,ent_bg_077,res_fin,read,98,517,ent_eng001,approved,critical
entl_ent_bg_078_1,ent_bg_078,res_gh,read,61,39,ent_eng001,approved,high
entl_ent_bg_078_2,ent_bg_078,res_proddb,read,15,791,ent_it001,approved,critical
entl_ent_bg_078_3,ent_bg_078,res_proddb,read,13,338,ent_eng001,approved,critical
entl_ent_bg_078_4,ent_bg_078,res_fin,read,17,111,ent_hr001,approved,critical
entl_ent_bg_078_5,ent_bg_078,res_admin,read,19,143,ent_eng001,approved,critical
entl_ent_bg_078_6,ent_bg_078,res_proddb,write,88,437,ent_eng001,approved,critical
entl_ent_bg_078_7,ent_bg_078,res_fin,write,139,376,ent_hr001,approved,critical
entl_ent_bg_078_8,ent_bg_078,res_gh,write,146,628,ent_it001,approved,high
entl_ent_bg_078_9,ent_bg_078,res_gh,read,105,540,ent_eng001,approved,high
entl_ent_bg_079_1,ent_bg_079,res_fin,read,29,374,ent_it001,approved,critical
entl_ent_bg_079_2,ent_bg_079,res_hr,read,55,279,ent_eng001,approved,high
entl_ent_bg_079_3,ent_bg_079,res_admin,read,162,176,ent_hr001,approved,critical
entl_ent_bg_079_4,ent_bg_079,res_gh,write,112,704,ent_eng001,approved,high
entl_ent_bg_079_5,ent_bg_079,res_hr,write,24,657,ent_it001,approved,high
entl_ent_bg_079_6,ent_bg_079,res_pay,write,48,578,ent_eng001,approved,critical
entl_ent_bg_080_1,ent_bg_080,res_proddb,read,43,248,ent_hr001,approved,critical
entl_ent_bg_080_2,ent_bg_080,res_pay,read,17,557,ent_eng001,approved,critical
entl_ent_bg_080_3,ent_bg_080,res_pay,write,109,499,ent_hr001,approved,critical
entl_ent_bg_080_4,ent_bg_080,res_proddb,read,12,73,ent_eng001,approved,critical
entl_ent_bg_080_5,ent_bg_080,res_admin,read,114,442,ent_eng001,approved,critical
entl_ent_bg_080_6,ent_bg_080,res_proddb,write,18,488,ent_it001,approved,critical
entl_ent_bg_080_7,ent_bg_080,res_gh,write,120,298,ent_it001,approved,high
entl_ent_bg_080_8,ent_bg_080,res_fin,read,109,503,ent_eng001,approved,critical
entl_ent_bg_080_9,ent_bg_080,res_fin,write,57,650,ent_eng001,approved,critical
entl_ent_bg_080_10,ent_bg_080,res_admin,read,151,748,ent_it001,approved,critical
entl_ent_bg_081_1,ent_bg_081,res_hr,read,135,376,ent_hr001,approved,high
entl_ent_bg_081_2,ent_bg_081,res_pay,read,31,147,ent_hr001,approved,critical
entl_ent_bg_081_3,ent_bg_081,res_admin,read,135,88,ent_eng001,approved,critical
entl_ent_bg_081_4,ent_bg_081,res_admin,read,15,357,ent_hr001,approved,critical
entl_ent_bg_081_5,ent_bg_081,res_admin,read,126,642,ent_eng001,approved,critical
entl_ent_bg_081_6,ent_bg_081,res_pay,read,5,89,ent_it001,approved,critical
entl_ent_bg_082_1,ent_bg_082,res_hr,read,142,60,ent_it001,approved,high
entl_ent_bg_082_2,ent_bg_082,res_admin,write,7,481,ent_it001,approved,critical
entl_ent_bg_082_3,ent_bg_082,res_gh,write,30,594,ent_eng001,approved,high
entl_ent_bg_082_4,ent_bg_082,res_pay,read,52,172,ent_eng001,approved,critical
entl_ent_bg_082_5,ent_bg_082,res_proddb,write,22,125,ent_eng001,approved,critical
entl_ent_bg_082_6,ent_bg_082,res_hr,write,79,693,ent_it001,approved,high
entl_ent_bg_082_7,ent_bg_082,res_proddb,write,2,87,ent_eng001,approved,critical
entl_ent_bg_082_8,ent_bg_082,res_proddb,read,0,765,ent_eng001,approved,critical
entl_ent_bg_082_9,ent_bg_082,res_pay,write,110,638,ent_eng001,approved,critical
entl_ent_bg_082_10,ent_bg_082,res_admin,read,64,487,ent_eng001,approved,critical
entl_ent_bg_082_11,ent_bg_082,res_gh,write,40,504,ent_it001,approved,high
entl_ent_bg_083_1,ent_bg_083,res_admin,write,36,59,ent_hr001,approved,critical
entl_ent_bg_083_2,ent_bg_083,res_pay,write,65,219,ent_hr001,approved,critical
entl_ent_bg_083_3,ent_bg_083,res_proddb,read,165,474,ent_eng001,approved,critical
entl_ent_bg_083_4,ent_bg_083,res_gh,read,70,713,ent_hr001,approved,high
entl_ent_bg_083_5,ent_bg_083,res_fin,read,101,402,ent_hr001,approved,critical
entl_ent_bg_083_6,ent_bg_083,res_pay,read,35,762,ent_eng001,approved,critical
entl_ent_bg_083_7,ent_bg_083,res_proddb,write,18,380,ent_it001,approved,critical
entl_ent_bg_084_1,ent_bg_084,res_admin,write,112,386,ent_hr001,approved,critical
entl_ent_bg_084_2,ent_bg_084,res_admin,read,34,758,ent_eng001,approved,critical
entl_ent_bg_084_3,ent_bg_084,res_pay,read,90,464,ent_eng001,approved,critical
entl_ent_bg_084_4,ent_bg_084,res_hr,read,146,107,ent_it001,approved,high
entl_ent_bg_084_5,ent_bg_084,res_hr,read,71,206,ent_it001,approved,high
entl_ent_bg_084_6,ent_bg_084,res_fin,write,149,279,ent_it001,approved,critical
entl_ent_bg_084_7,ent_bg_084,res_proddb,write,3,132,ent_eng001,approved,critical
entl_ent_bg_084_8,ent_bg_084,res_proddb,read,9,32,ent_it001,approved,critical
entl_ent_bg_084_9,ent_bg_084,res_pay,read,23,271,ent_it001,approved,critical
entl_ent_bg_084_10,ent_bg_084,res_fin,read,43,778,ent_it001,approved,critical
entl_ent_bg_084_11,ent_bg_084,res_admin,write,135,154,ent_eng001,approved,critical
entl_ent_bg_085_1,ent_bg_085,res_fin,write,123,126,ent_it001,approved,critical
entl_ent_bg_085_2,ent_bg_085,res_hr,write,23,390,ent_hr001,approved,high
entl_ent_bg_085_3,ent_bg_085,res_pay,write,104,458,ent_eng001,approved,critical
entl_ent_bg_085_4,ent_bg_085,res_proddb,write,13,529,ent_eng001,approved,critical
entl_ent_bg_085_5,ent_bg_085,res_hr,read,81,617,ent_it001,approved,high
entl_ent_bg_085_6,ent_bg_085,res_hr,read,25,573,ent_it001,approved,high
entl_ent_bg_085_7,ent_bg_085,res_admin,read,7,242,ent_eng001,approved,critical
entl_ent_bg_086_1,ent_bg_086,res_proddb,write,53,681,ent_it001,approved,critical
entl_ent_bg_086_2,ent_bg_086,res_proddb,write,5,730,ent_eng001,approved,critical
entl_ent_bg_086_3,ent_bg_086,res_hr,read,32,213,ent_hr001,approved,high
entl_ent_bg_086_4,ent_bg_086,res_fin,read,179,688,ent_it001,approved,critical
entl_ent_bg_086_5,ent_bg_086,res_proddb,write,136,661,ent_hr001,approved,critical
entl_ent_bg_086_6,ent_bg_086,res_pay,read,2,679,ent_it001,approved,critical
entl_ent_bg_087_1,ent_bg_087,res_fin,write,138,163,ent_hr001,approved,critical
entl_ent_bg_087_2,ent_bg_087,res_fin,read,60,361,ent_eng001,approved,critical
entl_ent_bg_087_3,ent_bg_087,res_gh,write,142,206,ent_hr001,approved,high
entl_ent_bg_087_4,ent_bg_087,res_proddb,read,170,451,ent_it001,approved,critical
entl_ent_bg_087_5,ent_bg_087,res_hr,write,36,280,ent_eng001,approved,high
entl_ent_bg_087_6,ent_bg_087,res_gh,read,175,424,ent_it001,approved,high
entl_ent_bg_087_7,ent_bg_087,res_proddb,write,118,49,ent_eng001,approved,critical
entl_ent_bg_087_8,ent_bg_087,res_fin,read,49,111,ent_it001,approved,critical
entl_ent_bg_087_9,ent_bg_087,res_gh,write,38,371,ent_it001,approved,high
entl_ent_bg_088_1,ent_bg_088,res_fin,read,58,405,ent_it001,approved,critical
entl_ent_bg_088_2,ent_bg_088,res_hr,read,161,174,ent_hr001,approved,high
entl_ent_bg_088_3,ent_bg_088,res_hr,write,177,303,ent_hr001,approved,high
entl_ent_bg_088_4,ent_bg_088,res_proddb,read,22,245,ent_eng001,approved,critical
entl_ent_bg_088_5,ent_bg_088,res_hr,write,108,201,ent_eng001,approved,high
entl_ent_bg_088_6,ent_bg_088,res_fin,write,35,646,ent_hr001,approved,critical
entl_ent_bg_088_7,ent_bg_088,res_proddb,read,167,621,ent_eng001,approved,critical
entl_ent_bg_089_1,ent_bg_089,res_fin,write,21,220,ent_eng001,approved,critical
entl_ent_bg_089_2,ent_bg_089,res_fin,write,141,554,ent_eng001,approved,critical
entl_ent_bg_089_3,ent_bg_089,res_fin,read,153,676,ent_eng001,approved,critical
entl_ent_bg_089_4,ent_bg_089,res_gh,read,102,419,ent_it001,approved,high
entl_ent_bg_089_5,ent_bg_089,res_proddb,read,11,216,ent_hr001,approved,critical
entl_ent_bg_089_6,ent_bg_089,res_fin,write,93,397,ent_hr001,approved,critical
entl_ent_bg_089_7,ent_bg_089,res_gh,write,28,438,ent_eng001,approved,high
entl_ent_bg_089_8,ent_bg_089,res_hr,write,2,765,ent_eng001,approved,high
entl_ent_bg_090_1,ent_bg_090,res_pay,write,172,569,ent_hr001,approved,critical
entl_ent_bg_090_2,ent_bg_090,res_gh,write,105,384,ent_hr001,approved,high
entl_ent_bg_090_3,ent_bg_090,res_proddb,write,152,46,ent_hr001,approved,critical
entl_ent_bg_090_4,ent_bg_090,res_pay,read,160,432,ent_it001,approved,critical
entl_ent_bg_090_5,ent_bg_090,res_hr,write,144,303,ent_eng001,approved,high
entl_ent_bg_090_6,ent_bg_090,res_gh,read,31,169,ent_it001,approved,high
entl_ent_bg_090_7,ent_bg_090,res_admin,write,47,241,ent_hr001,approved,critical
entl_ent_bg_090_8,ent_bg_090,res_admin,write,39,617,ent_it001,approved,critical
entl_ent_bg_090_9,ent_bg_090,res_fin,read,45,573,ent_hr001,approved,critical
entl_ent_bg_090_10,ent_bg_090,res_gh,write,47,671,ent_eng001,approved,high
entl_ent_bg_090_11,ent_bg_090,res_pay,write,47,73,ent_it001,approved,critical
entl_ent_bg_091_1,ent_bg_091,res_proddb,write,36,378,ent_it001,approved,critical
entl_ent_bg_091_2,ent_bg_091,res_hr,read,74,320,ent_hr001,approved,high
entl_ent_bg_091_3,ent_bg_091,res_admin,write,106,155,ent_hr001,approved,critical
entl_ent_bg_091_4,ent_bg_091,res_fin,read,159,427,ent_it001,approved,critical
entl_ent_bg_091_5,ent_bg_091,res_fin,read,29,386,ent_eng001,approved,critical
entl_ent_bg_091_6,ent_bg_091,res_admin,read,161,70,ent_it001,approved,critical
entl_ent_bg_091_7,ent_bg_091,res_gh,read,114,422,ent_hr001,approved,high
entl_ent_bg_091_8,ent_bg_091,res_hr,write,36,64,ent_hr001,approved,high
entl_ent_bg_091_9,ent_bg_091,res_hr,write,105,641,ent_it001,approved,high
entl_ent_bg_091_10,ent_bg_091,res_hr,write,161,726,ent_it001,approved,high
entl_ent_bg_092_1,ent_bg_092,res_gh,read,84,313,ent_it001,approved,high
entl_ent_bg_092_2,ent_bg_092,res_fin,write,139,282,ent_it001,approved,critical
entl_ent_bg_092_3,ent_bg_092,res_hr,read,60,437,ent_eng001,approved,high
entl_ent_bg_092_4,ent_bg_092,res_pay,write,60,205,ent_hr001,approved,critical
entl_ent_bg_092_5,ent_bg_092,res_fin,read,11,145,ent_hr001,approved,critical
entl_ent_bg_092_6,ent_bg_092,res_hr,read,101,754,ent_eng001,approved,high
entl_ent_bg_092_7,ent_bg_092,res_gh,write,121,312,ent_eng001,approved,high
entl_ent_bg_092_8,ent_bg_092,res_fin,read,55,647,ent_it001,approved,critical
entl_ent_bg_092_9,ent_bg_092,res_pay,write,108,266,ent_eng001,approved,critical
entl_ent_bg_093_1,ent_bg_093,res_fin,write,2,125,ent_eng001,approved,critical
entl_ent_bg_093_2,ent_bg_093,res_admin,write,35,440,ent_hr001,approved,critical
entl_ent_bg_093_3,ent_bg_093,res_pay,read,34,513,ent_eng001,approved,critical
entl_ent_bg_093_4,ent_bg_093,res_hr,write,10,561,ent_hr001,approved,high
entl_ent_bg_093_5,ent_bg_093,res_pay,read,129,191,ent_hr001,approved,critical
entl_ent_bg_093_6,ent_bg_093,res_hr,write,60,448,ent_it001,approved,high
entl_ent_bg_093_7,ent_bg_093,res_hr,read,30,712,ent_eng001,approved,high
entl_ent_bg_094_1,ent_bg_094,res_hr,write,152,490,ent_it001,approved,high
entl_ent_bg_094_2,ent_bg_094,res_admin,write,45,502,ent_hr001,approved,critical
entl_ent_bg_094_3,ent_bg_094,res_pay,write,19,225,ent_eng001,approved,critical
entl_ent_bg_094_4,ent_bg_094,res_proddb,read,113,380,ent_hr001,approved,critical
entl_ent_bg_094_5,ent_bg_094,res_hr,write,121,537,ent_it001,approved,high
entl_ent_bg_094_6,ent_bg_094,res_hr,write,23,517,ent_it001,approved,high
entl_ent_bg_094_7,ent_bg_094,res_proddb,write,48,758,ent_hr001,approved,critical
entl_ent_bg_094_8,ent_bg_094,res_pay,read,53,190,ent_eng001,approved,critical
entl_ent_bg_094_9,ent_bg_094,res_hr,read,48,261,ent_hr001,approved,high
entl_ent_bg_094_10,ent_bg_094,res_hr,read,41,333,ent_it001,approved,high
entl_ent_bg_094_11,ent_bg_094,res_proddb,write,148,458,ent_it001,approved,critical
entl_ent_bg_095_1,ent_bg_095,res_fin,write,110,185,ent_eng001,approved,critical
entl_ent_bg_095_2,ent_bg_095,res_admin,write,60,379,ent_hr001,approved,critical
entl_ent_bg_095_3,ent_bg_095,res_proddb,read,5,637,ent_eng001,approved,critical
entl_ent_bg_095_4,ent_bg_095,res_pay,write,140,411,ent_it001,approved,critical
entl_ent_bg_095_5,ent_bg_095,res_pay,write,95,552,ent_it001,approved,critical
entl_ent_bg_095_6,ent_bg_095,res_gh,read,37,123,ent_it001,approved,high
entl_ent_bg_095_7,ent_bg_095,res_admin,write,57,51,ent_hr001,approved,critical
entl_ent_bg_095_8,ent_bg_095,res_admin,read,75,735,ent_hr001,approved,critical
entl_ent_bg_095_9,ent_bg_095,res_hr,write,77,100,ent_eng001,approved,high
entl_ent_bg_095_10,ent_bg_095,res_admin,write,69,371,ent_eng001,approved,critical
entl_ent_bg_095_11,ent_bg_095,res_gh,write,171,538,ent_it001,approved,high
entl_ent_bg_096_1,ent_bg_096,res_admin,read,49,549,ent_it001,approved,critical
entl_ent_bg_096_2,ent_bg_096,res_proddb,read,110,442,ent_hr001,approved,critical
entl_ent_bg_096_3,ent_bg_096,res_fin,read,54,214,ent_it001,approved,critical
entl_ent_bg_096_4,ent_bg_096,res_hr,read,31,569,ent_eng001,approved,high
entl_ent_bg_096_5,ent_bg_096,res_proddb,write,90,680,ent_eng001,approved,critical
entl_ent_bg_096_6,ent_bg_096,res_fin,write,51,228,ent_hr001,approved,critical
entl_ent_bg_096_7,ent_bg_096,res_fin,write,8,515,ent_hr001,approved,critical
entl_ent_bg_096_8,ent_bg_096,res_hr,write,53,594,ent_hr001,approved,high
entl_ent_bg_096_9,ent_bg_096,res_proddb,write,167,45,ent_it001,approved,critical
entl_ent_bg_096_10,ent_bg_096,res_pay,write,74,598,ent_it001,approved,critical
entl_ent_bg_097_1,ent_bg_097,res_gh,read,136,402,ent_eng001,approved,high
entl_ent_bg_097_2,ent_bg_097,res_admin,read,30,264,ent_hr001,approved,critical
entl_ent_bg_097_3,ent_bg_097,res_gh,read,7,764,ent_it001,approved,high
entl_ent_bg_097_4,ent_bg_097,res_gh,read,21,55,ent_hr001,approved,high
entl_ent_bg_097_5,ent_bg_097,res_admin,read,142,409,ent_hr001,approved,critical
entl_ent_bg_097_6,ent_bg_097,res_gh,write,25,243,ent_eng001,approved,high
entl_ent_bg_098_1,ent_bg_098,res_fin,read,23,437,ent_it001,approved,critical
entl_ent_bg_098_2,ent_bg_098,res_fin,read,153,200,ent_eng001,approved,critical
entl_ent_bg_098_3,ent_bg_098,res_proddb,read,32,507,ent_it001,approved,critical
entl_ent_bg_098_4,ent_bg_098,res_pay,read,2,513,ent_eng001,approved,critical
entl_ent_bg_098_5,ent_bg_098,res_admin,read,62,205,ent_eng001,approved,critical
entl_ent_bg_098_6,ent_bg_098,res_gh,read,45,467,ent_hr001,approved,high
entl_ent_bg_098_7,ent_bg_098,res_proddb,write,9,218,ent_it001,approved,critical
entl_ent_bg_098_8,ent_bg_098,res_gh,read,0,95,ent_eng001,approved,high
entl_ent_bg_098_9,ent_bg_098,res_gh,read,139,332,ent_it001,approved,high
entl_ent_bg_098_10,ent_bg_098,res_hr,write,16,719,ent_it001,approved,high
entl_ent_bg_098_11,ent_bg_098,res_gh,read,92,657,ent_eng001,approved,high
entl_ent_bg_098_12,ent_bg_098,res_gh,read,76,435,ent_hr001,approved,high
entl_ent_bg_099_1,ent_bg_099,res_pay,read,166,723,ent_hr001,approved,critical
entl_ent_bg_099_2,ent_bg_099,res_admin,write,56,179,ent_eng001,approved,critical
entl_ent_bg_099_3,ent_bg_099,res_proddb,write,148,697,ent_it001,approved,critical
entl_ent_bg_099_4,ent_bg_099,res_hr,write,49,270,ent_eng001,approved,high
entl_ent_bg_099_5,ent_bg_099,res_gh,write,153,278,ent_it001,approved,high
entl_ent_bg_099_6,ent_bg_099,res_admin,read,41,34,ent_hr001,approved,critical
entl_ent_bg_099_7,ent_bg_099,res_pay,write,37,321,ent_eng001,approved,critical
entl_ent_bg_099_8,ent_bg_099,res_hr,write,125,313,ent_hr001,approved,high
entl_ent_bg_099_9,ent_bg_099,res_gh,write,55,347,ent_hr001,approved,high
entl_ent_bg_099_10,ent_bg_099,res_fin,read,102,442,ent_eng001,approved,critical
entl_ent_bg_099_11,ent_bg_099,res_pay,write,141,424,ent_eng001,approved,critical
entl_ent_bg_099_12,ent_bg_099,res_proddb,write,132,267,ent_hr001,approved,critical
entl_ent_bg_100_1,ent_bg_100,res_pay,write,92,226,ent_eng001,approved,critical
entl_ent_bg_100_2,ent_bg_100,res_admin,read,16,724,ent_hr001,approved,critical
entl_ent_bg_100_3,ent_bg_100,res_fin,read,33,212,ent_eng001,approved,critical
entl_ent_bg_100_4,ent_bg_100,res_admin,read,25,609,ent_hr001,approved,critical
entl_ent_bg_100_5,ent_bg_100,res_admin,read,60,464,ent_eng001,approved,critical
entl_ent_bg_100_6,ent_bg_100,res_fin,read,60,732,ent_it001,approved,critical
entl_ent_bg_100_7,ent_bg_100,res_pay,read,36,484,ent_hr001,approved,critical
entl_ent_bg_100_8,ent_bg_100,res_proddb,read,25,136,ent_hr001,approved,critical
entl_ent_bg_100_9,ent_bg_100,res_hr,read,27,688,ent_hr001,approved,high
entl_ent_bg_100_10,ent_bg_100,res_fin,read,147,724,ent_it001,approved,critical
entl_ent_bg_100_11,ent_bg_100,res_pay,read,3,242,ent_eng001,approved,critical
entl_ent_bg_101_1,ent_bg_101,res_gh,write,1,773,ent_it001,approved,high
entl_ent_bg_101_2,ent_bg_101,res_fin,write,146,182,ent_hr001,approved,critical
entl_ent_bg_101_3,ent_bg_101,res_admin,write,144,514,ent_it001,approved,critical
entl_ent_bg_101_4,ent_bg_101,res_admin,read,102,729,ent_eng001,approved,critical
entl_ent_bg_101_5,ent_bg_101,res_pay,read,171,42,ent_eng001,approved,critical
entl_ent_bg_101_6,ent_bg_101,res_pay,write,101,669,ent_eng001,approved,critical
entl_ent_bg_102_1,ent_bg_102,res_hr,write,180,440,ent_hr001,approved,high
entl_ent_bg_102_2,ent_bg_102,res_pay,write,27,363,ent_eng001,approved,critical
entl_ent_bg_102_3,ent_bg_102,res_proddb,read,33,59,ent_it001,approved,critical
entl_ent_bg_102_4,ent_bg_102,res_admin,read,21,172,ent_it001,approved,critical
entl_ent_bg_102_5,ent_bg_102,res_pay,write,178,628,ent_it001,approved,critical
entl_ent_bg_102_6,ent_bg_102,res_proddb,write,121,633,ent_eng001,approved,critical
entl_ent_bg_102_7,ent_bg_102,res_hr,write,77,579,ent_eng001,approved,high
entl_ent_bg_102_8,ent_bg_102,res_pay,write,28,66,ent_hr001,approved,critical
entl_ent_bg_102_9,ent_bg_102,res_pay,read,144,111,ent_eng001,approved,critical
entl_ent_bg_102_10,ent_bg_102,res_pay,read,83,661,ent_eng001,approved,critical
entl_ent_bg_102_11,ent_bg_102,res_hr,write,5,781,ent_it001,approved,high
entl_ent_bg_102_12,ent_bg_102,res_pay,read,154,47,ent_it001,approved,critical
entl_ent_bg_103_1,ent_bg_103,res_gh,read,82,555,ent_eng001,approved,high
entl_ent_bg_103_2,ent_bg_103,res_hr,read,134,88,ent_it001,approved,high
entl_ent_bg_103_3,ent_bg_103,res_admin,write,85,277,ent_it001,approved,critical
entl_ent_bg_103_4,ent_bg_103,res_admin,read,158,202,ent_eng001,approved,critical
entl_ent_bg_103_5,ent_bg_103,res_proddb,write,115,784,ent_eng001,approved,critical
entl_ent_bg_104_1,ent_bg_104,res_admin,read,137,115,ent_it001,approved,critical
entl_ent_bg_104_2,ent_bg_104,res_fin,read,66,636,ent_hr001,approved,critical
entl_ent_bg_104_3,ent_bg_104,res_hr,read,131,662,ent_eng001,approved,high
entl_ent_bg_105_1,ent_bg_105,res_gh,write,123,43,ent_hr001,approved,high
entl_ent_bg_105_2,ent_bg_105,res_hr,write,170,641,ent_hr001,approved,high
entl_ent_bg_105_3,ent_bg_105,res_gh,read,176,762,ent_it001,approved,high
entl_ent_bg_105_4,ent_bg_105,res_pay,read,68,502,ent_it001,approved,critical
entl_ent_bg_105_5,ent_bg_105,res_fin,write,95,790,ent_eng001,approved,critical
entl_ent_bg_105_6,ent_bg_105,res_proddb,read,143,57,ent_eng001,approved,critical
entl_ent_bg_106_1,ent_bg_106,res_fin,write,99,54,ent_it001,approved,critical
entl_ent_bg_106_2,ent_bg_106,res_proddb,read,112,799,ent_it001,approved,critical
entl_ent_bg_106_3,ent_bg_106,res_gh,write,113,604,ent_it001,approved,high
entl_ent_bg_106_4,ent_bg_106,res_hr,write,175,435,ent_eng001,approved,high
entl_ent_bg_106_5,ent_bg_106,res_admin,read,162,276,ent_eng001,approved,critical
entl_ent_bg_106_6,ent_bg_106,res_fin,read,95,741,ent_it001,approved,critical
entl_ent_bg_106_7,ent_bg_106,res_gh,write,126,402,ent_eng001,approved,high
entl_ent_bg_107_1,ent_bg_107,res_pay,read,93,415,ent_eng001,approved,critical
entl_ent_bg_107_2,ent_bg_107,res_gh,write,63,158,ent_eng001,approved,high
entl_ent_bg_107_3,ent_bg_107,res_fin,write,159,242,ent_hr001,approved,critical
entl_ent_bg_107_4,ent_bg_107,res_hr,read,151,406,ent_eng001,approved,high
entl_ent_bg_107_5,ent_bg_107,res_fin,write,137,725,ent_eng001,approved,critical
entl_ent_bg_107_6,ent_bg_107,res_gh,read,133,629,ent_it001,approved,high
entl_ent_bg_108_1,ent_bg_108,res_proddb,read,89,37,ent_it001,approved,critical
entl_ent_bg_108_2,ent_bg_108,res_fin,write,165,790,ent_eng001,approved,critical
entl_ent_bg_108_3,ent_bg_108,res_fin,write,80,307,ent_hr001,approved,critical
entl_ent_bg_108_4,ent_bg_108,res_gh,write,114,799,ent_hr001,approved,high
entl_ent_bg_108_5,ent_bg_108,res_hr,read,95,350,ent_eng001,approved,high
entl_ent_bg_108_6,ent_bg_108,res_fin,write,176,247,ent_eng001,approved,critical
entl_ent_bg_109_1,ent_bg_109,res_admin,write,138,602,ent_eng001,approved,critical
entl_ent_bg_109_2,ent_bg_109,res_admin,write,112,34,ent_it001,approved,critical
entl_ent_bg_109_3,ent_bg_109,res_gh,read,145,180,ent_hr001,approved,high
entl_ent_bg_109_4,ent_bg_109,res_pay,read,111,127,ent_it001,approved,critical
entl_ent_bg_109_5,ent_bg_109,res_fin,read,112,197,ent_it001,approved,critical
entl_ent_bg_109_6,ent_bg_109,res_gh,write,153,629,ent_it001,approved,high
entl_ent_bg_110_1,ent_bg_110,res_gh,read,129,557,ent_it001,approved,high
entl_ent_bg_110_2,ent_bg_110,res_proddb,write,116,188,ent_eng001,approved,critical
entl_ent_bg_110_3,ent_bg_110,res_admin,write,170,769,ent_hr001,approved,critical
entl_ent_bg_111_1,ent_bg_111,res_pay,read,146,474,ent_it001,approved,critical
entl_ent_bg_111_2,ent_bg_111,res_pay,write,82,183,ent_eng001,approved,critical
entl_ent_bg_111_3,ent_bg_111,res_proddb,write,83,562,ent_it001,approved,critical
entl_ent_bg_111_4,ent_bg_111,res_gh,read,103,254,ent_hr001,approved,high
entl_ent_bg_112_1,ent_bg_112,res_hr,write,110,625,ent_eng001,approved,high
entl_ent_bg_112_2,ent_bg_112,res_gh,write,115,401,ent_it001,approved,high
entl_ent_bg_112_3,ent_bg_112,res_admin,read,115,369,ent_it001,approved,critical
entl_ent_bg_113_1,ent_bg_113,res_fin,write,164,89,ent_eng001,approved,critical
entl_ent_bg_113_2,ent_bg_113,res_admin,read,91,232,ent_hr001,approved,critical
entl_ent_bg_113_3,ent_bg_113,res_fin,write,151,754,ent_eng001,approved,critical
entl_ent_bg_113_4,ent_bg_113,res_admin,write,94,602,ent_it001,approved,critical
entl_ent_bg_113_5,ent_bg_113,res_fin,write,113,799,ent_hr001,approved,critical
entl_ent_bg_114_1,ent_bg_114,res_hr,read,133,518,ent_hr001,approved,high
entl_ent_bg_114_2,ent_bg_114,res_proddb,write,164,500,ent_hr001,approved,critical
entl_ent_bg_114_3,ent_bg_114,res_admin,read,147,789,ent_it001,approved,critical
entl_ent_bg_114_4,ent_bg_114,res_gh,read,111,211,ent_it001,approved,high
entl_ent_bg_114_5,ent_bg_114,res_proddb,read,149,273,ent_eng001,approved,critical
entl_ent_bg_115_1,ent_bg_115,res_fin,read,77,348,ent_eng001,approved,critical
entl_ent_bg_115_2,ent_bg_115,res_pay,read,65,196,ent_eng001,approved,critical
entl_ent_bg_115_3,ent_bg_115,res_admin,write,132,532,ent_eng001,approved,critical
entl_ent_bg_115_4,ent_bg_115,res_fin,write,171,187,ent_eng001,approved,critical
entl_ent_bg_115_5,ent_bg_115,res_pay,read,180,173,ent_it001,approved,critical
entl_ent_bg_115_6,ent_bg_115,res_pay,write,170,391,ent_it001,approved,critical
entl_ent_bg_116_1,ent_bg_116,res_fin,read,161,626,ent_eng001,approved,critical
entl_ent_bg_116_2,ent_bg_116,res_gh,read,163,444,ent_eng001,approved,high
entl_ent_bg_116_3,ent_bg_116,res_fin,write,112,61,ent_hr001,approved,critical
entl_ent_bg_116_4,ent_bg_116,res_pay,read,167,174,ent_it001,approved,critical
entl_ent_bg_116_5,ent_bg_116,res_pay,write,65,561,ent_it001,approved,critical
entl_ent_bg_116_6,ent_bg_116,res_gh,write,172,135,ent_eng001,approved,high
entl_ent_bg_116_7,ent_bg_116,res_hr,read,129,291,ent_eng001,approved,high
entl_agt_bg_117_1,agt_bg_117,res_proddb,read,43,672,ent_eng001,approved,critical
entl_agt_bg_117_2,agt_bg_117,res_proddb,read,25,800,ent_hr001,approved,critical
entl_agt_bg_117_3,agt_bg_117,res_hr,read,56,644,ent_hr001,approved,high
entl_agt_bg_117_4,agt_bg_117,res_pay,read,6,430,ent_hr001,approved,critical
entl_agt_bg_118_1,agt_bg_118,res_proddb,read,4,243,ent_hr001,approved,critical
entl_agt_bg_118_2,agt_bg_118,res_fin,read,16,639,ent_it001,approved,critical
entl_agt_bg_118_3,agt_bg_118,res_hr,read,14,598,ent_it001,approved,high
entl_agt_bg_118_4,agt_bg_118,res_hr,read,11,472,ent_hr001,approved,high
entl_agt_bg_119_1,agt_bg_119,res_proddb,read,13,359,ent_hr001,approved,critical
entl_agt_bg_119_2,agt_bg_119,res_admin,read,17,752,ent_hr001,approved,critical
entl_agt_bg_119_3,agt_bg_119,res_hr,read,54,379,ent_it001,approved,high
entl_agt_bg_120_1,agt_bg_120,res_fin,read,51,791,ent_eng001,approved,critical
entl_agt_bg_120_2,agt_bg_120,res_fin,read,32,457,ent_eng001,approved,critical
entl_agt_bg_120_3,agt_bg_120,res_fin,read,12,111,ent_hr001,approved,critical
entl_agt_bg_120_4,agt_bg_120,res_fin,read,58,367,ent_eng001,approved,critical
entl_agt_bg_120_5,agt_bg_120,res_gh,read,49,192,ent_it001,approved,high
entl_agt_bg_121_1,agt_bg_121,res_proddb,read,47,372,ent_eng001,approved,critical
entl_agt_bg_121_2,agt_bg_121,res_pay,read,29,51,ent_eng001,approved,critical
entl_agt_bg_121_3,agt_bg_121,res_gh,read,55,407,ent_it001,approved,high
entl_agt_bg_121_4,agt_bg_121,res_hr,read,25,214,ent_it001,approved,high
entl_agt_bg_121_5,agt_bg_121,res_gh,read,27,180,ent_eng001,approved,high
entl_agt_bg_122_1,agt_bg_122,res_proddb,read,27,384,ent_hr001,approved,critical
entl_agt_bg_122_2,agt_bg_122,res_fin,read,47,712,ent_eng001,approved,critical
entl_agt_bg_122_3,agt_bg_122,res_hr,read,37,212,ent_hr001,approved,high
entl_agt_bg_122_4,agt_bg_122,res_gh,read,37,594,ent_hr001,approved,high
entl_agt_bg_122_5,agt_bg_122,res_admin,read,14,598,ent_eng001,approved,critical
entl_agt_bg_123_1,agt_bg_123,res_admin,read,58,409,ent_it001,approved,critical
entl_agt_bg_123_2,agt_bg_123,res_pay,read,29,702,ent_it001,approved,critical
entl_agt_bg_123_3,agt_bg_123,res_pay,read,38,579,ent_it001,approved,critical
entl_agt_bg_123_4,agt_bg_123,res_hr,read,39,497,ent_eng001,approved,high
entl_agt_bg_123_5,agt_bg_123,res_admin,read,2,314,ent_eng001,approved,critical
entl_agt_bg_123_6,agt_bg_123,res_gh,read,2,311,ent_hr001,approved,high
entl_agt_bg_124_1,agt_bg_124,res_gh,read,34,187,ent_hr001,approved,high
entl_agt_bg_124_2,agt_bg_124,res_hr,read,46,686,ent_eng001,approved,high
entl_agt_bg_124_3,agt_bg_124,res_proddb,read,34,139,ent_hr001,approved,critical
entl_agt_bg_124_4,agt_bg_124,res_hr,read,2,217,ent_it001,approved,high
entl_agt_bg_125_1,agt_bg_125,res_fin,read,43,736,ent_hr001,approved,critical
entl_agt_bg_125_2,agt_bg_125,res_admin,read,38,684,ent_eng001,approved,critical
entl_agt_bg_125_3,agt_bg_125,res_fin,read,26,587,ent_eng001,approved,critical
entl_agt_bg_125_4,agt_bg_125,res_fin,read,38,90,ent_hr001,approved,critical
entl_agt_bg_125_5,agt_bg_125,res_pay,read,1,604,ent_eng001,approved,critical
entl_agt_bg_126_1,agt_bg_126,res_fin,read,41,536,ent_it001,approved,critical
entl_agt_bg_126_2,agt_bg_126,res_hr,read,43,665,ent_hr001,approved,high
entl_agt_bg_126_3,agt_bg_126,res_admin,read,53,39,ent_it001,approved,critical
entl_agt_bg_127_1,agt_bg_127,res_gh,read,14,713,ent_hr001,approved,high
entl_agt_bg_127_2,agt_bg_127,res_proddb,read,54,604,ent_eng001,approved,critical
entl_agt_bg_127_3,agt_bg_127,res_pay,read,55,133,ent_eng001,approved,critical
entl_agt_bg_127_4,agt_bg_127,res_pay,read,7,434,ent_eng001,approved,critical
entl_agt_bg_127_5,agt_bg_127,res_admin,read,17,510,ent_hr001,approved,critical
entl_agt_bg_128_1,agt_bg_128,res_pay,read,3,505,ent_hr001,approved,critical
entl_agt_bg_128_2,agt_bg_128,res_fin,read,23,696,ent_it001,approved,critical
entl_agt_bg_128_3,agt_bg_128,res_hr,read,54,314,ent_hr001,approved,high
entl_agt_bg_128_4,agt_bg_128,res_hr,read,58,733,ent_it001,approved,high
entl_agt_bg_128_5,agt_bg_128,res_fin,read,29,601,ent_it001,approved,critical
entl_agt_bg_129_1,agt_bg_129,res_pay,write,41,470,ent_it001,approved,critical
entl_agt_bg_129_2,agt_bg_129,res_admin,read,43,46,ent_eng001,approved,critical
entl_agt_bg_129_3,agt_bg_129,res_hr,read,44,257,ent_hr001,approved,high
entl_agt_bg_129_4,agt_bg_129,res_hr,read,46,192,ent_eng001,approved,high
entl_agt_bg_129_5,agt_bg_129,res_fin,read,37,276,ent_hr001,approved,critical
entl_agt_bg_129_6,agt_bg_129,res_gh,write,31,498,ent_hr001,approved,high
entl_agt_bg_129_7,agt_bg_129,res_gh,read,54,456,ent_hr001,approved,high
entl_agt_bg_129_8,agt_bg_129,res_gh,write,19,395,ent_hr001,approved,high
entl_agt_bg_129_9,agt_bg_129,res_proddb,write,39,89,ent_it001,approved,critical
entl_agt_bg_129_10,agt_bg_129,res_proddb,read,98,368,ent_eng001,approved,critical
entl_agt_bg_130_1,agt_bg_130,res_fin,read,21,247,ent_it001,approved,critical
entl_agt_bg_130_2,agt_bg_130,res_pay,read,70,459,ent_it001,approved,critical
entl_agt_bg_130_3,agt_bg_130,res_proddb,write,31,550,ent_it001,approved,critical
entl_agt_bg_130_4,agt_bg_130,res_admin,read,120,365,ent_eng001,approved,critical
entl_agt_bg_130_5,agt_bg_130,res_fin,write,0,122,ent_hr001,approved,critical
entl_agt_bg_130_6,agt_bg_130,res_gh,read,53,353,ent_eng001,approved,high
entl_agt_bg_130_7,agt_bg_130,res_gh,read,61,56,ent_it001,approved,high
entl_agt_bg_130_8,agt_bg_130,res_hr,read,103,65,ent_hr001,approved,high
entl_agt_bg_131_1,agt_bg_131,res_admin,write,18,614,ent_it001,approved,critical
entl_agt_bg_131_2,agt_bg_131,res_admin,read,111,275,ent_hr001,approved,critical
entl_agt_bg_131_3,agt_bg_131,res_admin,read,54,726,ent_it001,approved,critical
entl_agt_bg_131_4,agt_bg_131,res_pay,read,3,760,ent_eng001,approved,critical
entl_agt_bg_131_5,agt_bg_131,res_fin,write,55,270,ent_hr001,approved,critical
entl_agt_bg_131_6,agt_bg_131,res_gh,read,111,177,ent_eng001,approved,high
entl_agt_bg_131_7,agt_bg_131,res_proddb,write,78,355,ent_hr001,approved,critical
entl_agt_bg_131_8,agt_bg_131,res_fin,write,47,32,ent_eng001,approved,critical
entl_agt_bg_131_9,agt_bg_131,res_admin,write,65,660,ent_hr001,approved,critical
entl_agt_bg_131_10,agt_bg_131,res_pay,read,57,618,ent_hr001,approved,critical
entl_agt_bg_131_11,agt_bg_131,res_fin,read,40,31,ent_eng001,approved,critical
entl_agt_bg_131_12,agt_bg_131,res_proddb,write,5,67,ent_hr001,approved,critical
entl_agt_bg_131_13,agt_bg_131,res_admin,write,99,74,ent_eng001,approved,critical
entl_agt_bg_131_14,agt_bg_131,res_admin,read,11,428,ent_it001,approved,critical
entl_agt_bg_132_1,agt_bg_132,res_gh,read,47,363,ent_it001,approved,high
entl_agt_bg_132_2,agt_bg_132,res_gh,write,80,743,ent_hr001,approved,high
entl_agt_bg_132_3,agt_bg_132,res_pay,read,43,331,ent_it001,approved,critical
entl_agt_bg_132_4,agt_bg_132,res_hr,read,31,766,ent_hr001,approved,high
entl_agt_bg_132_5,agt_bg_132,res_gh,write,74,201,ent_hr001,approved,high
entl_agt_bg_132_6,agt_bg_132,res_fin,read,47,386,ent_hr001,approved,critical
entl_agt_bg_132_7,agt_bg_132,res_pay,read,80,685,ent_it001,approved,critical
entl_agt_bg_132_8,agt_bg_132,res_hr,read,60,552,ent_hr001,approved,high
entl_agt_bg_132_9,agt_bg_132,res_gh,write,56,524,ent_it001,approved,high
entl_agt_bg_132_10,agt_bg_132,res_proddb,write,90,319,ent_hr001,approved,critical
entl_agt_bg_132_11,agt_bg_132,res_gh,read,41,75,ent_eng001,approved,high
entl_agt_bg_133_1,agt_bg_133,res_gh,write,32,702,ent_it001,approved,high
entl_agt_bg_133_2,agt_bg_133,res_admin,read,13,187,ent_hr001,approved,critical
entl_agt_bg_133_3,agt_bg_133,res_pay,write,59,616,ent_hr001,approved,critical
entl_agt_bg_133_4,agt_bg_133,res_admin,read,107,401,ent_hr001,approved,critical
entl_agt_bg_133_5,agt_bg_133,res_hr,write,46,783,ent_hr001,approved,high
entl_agt_bg_133_6,agt_bg_133,res_gh,read,60,776,ent_it001,approved,high
entl_agt_bg_133_7,agt_bg_133,res_gh,read,47,86,ent_eng001,approved,high
entl_agt_bg_133_8,agt_bg_133,res_gh,read,52,735,ent_it001,approved,high
entl_agt_bg_133_9,agt_bg_133,res_admin,write,86,502,ent_hr001,approved,critical
entl_agt_bg_133_10,agt_bg_133,res_proddb,write,47,724,ent_it001,approved,critical
entl_agt_bg_134_1,agt_bg_134,res_fin,read,80,349,ent_hr001,approved,critical
entl_agt_bg_134_2,agt_bg_134,res_hr,write,2,686,ent_eng001,approved,high
entl_agt_bg_134_3,agt_bg_134,res_hr,read,8,671,ent_hr001,approved,high
entl_agt_bg_134_4,agt_bg_134,res_fin,write,55,614,ent_eng001,approved,critical
entl_agt_bg_134_5,agt_bg_134,res_admin,read,59,696,ent_hr001,approved,critical
entl_agt_bg_134_6,agt_bg_134,res_proddb,write,39,277,ent_hr001,approved,critical
entl_agt_bg_134_7,agt_bg_134,res_gh,write,47,742,ent_eng001,approved,high
entl_agt_bg_134_8,agt_bg_134,res_hr,read,42,724,ent_it001,approved,high
entl_agt_bg_135_1,agt_bg_135,res_admin,read,59,243,ent_hr001,approved,critical
entl_agt_bg_135_2,agt_bg_135,res_pay,read,50,475,ent_it001,approved,critical
entl_agt_bg_135_3,agt_bg_135,res_pay,write,58,733,ent_eng001,approved,critical
entl_agt_bg_135_4,agt_bg_135,res_pay,read,24,791,ent_hr001,approved,critical
entl_agt_bg_135_5,agt_bg_135,res_pay,write,25,262,ent_it001,approved,critical
entl_agt_bg_135_6,agt_bg_135,res_fin,write,85,329,ent_it001,approved,critical
entl_agt_bg_135_7,agt_bg_135,res_hr,read,12,137,ent_it001,approved,high
entl_agt_bg_135_8,agt_bg_135,res_fin,write,5,737,ent_hr001,approved,critical
entl_agt_bg_135_9,agt_bg_135,res_fin,write,20,506,ent_eng001,approved,critical
entl_agt_bg_135_10,agt_bg_135,res_proddb,read,33,142,ent_eng001,approved,critical
entl_agt_bg_135_11,agt_bg_135,res_admin,write,1,597,ent_it001,approved,critical
entl_agt_bg_135_12,agt_bg_135,res_hr,read,0,370,ent_hr001,approved,high
entl_agt_bg_136_1,agt_bg_136,res_proddb,write,39,503,ent_hr001,approved,critical
entl_agt_bg_136_2,agt_bg_136,res_hr,read,117,779,ent_eng001,approved,high
entl_agt_bg_136_3,agt_bg_136,res_gh,write,10,399,ent_hr001,approved,high
entl_agt_bg_136_4,agt_bg_136,res_fin,write,91,594,ent_eng001,approved,critical
entl_agt_bg_136_5,agt_bg_136,res_hr,read,114,318,ent_hr001,approved,high
entl_agt_bg_136_6,agt_bg_136,res_gh,read,20,484,ent_hr001,approved,high
entl_agt_bg_136_7,agt_bg_136,res_fin,read,12,573,ent_it001,approved,critical
entl_agt_bg_136_8,agt_bg_136,res_admin,write,42,369,ent_eng001,approved,critical
entl_agt_bg_136_9,agt_bg_136,res_fin,read,118,144,ent_it001,approved,critical
entl_agt_bg_136_10,agt_bg_136,res_admin,read,59,423,ent_hr001,approved,critical
entl_agt_bg_136_11,agt_bg_136,res_pay,write,50,600,ent_eng001,approved,critical
entl_agt_bg_136_12,agt_bg_136,res_fin,write,45,367,ent_eng001,approved,critical
entl_agt_bg_136_13,agt_bg_136,res_fin,write,81,141,ent_hr001,approved,critical
entl_agt_bg_136_14,agt_bg_136,res_fin,write,50,102,ent_hr001,approved,critical
